timestamp,git_sha,scale,mode,query,run,sql_ms,wall_ms,note
2026-05-16T11:22:40,e2f2aeb,10m,no_index,point,1,208,2072,scale-sweep
2026-05-16T11:22:40,e2f2aeb,10m,no_index,point,2,200,1983,scale-sweep
2026-05-16T11:22:40,e2f2aeb,10m,no_index,point,3,193,2029,scale-sweep
2026-05-16T11:22:40,e2f2aeb,10m,duck,point,1,95,569,scale-sweep
2026-05-16T11:22:40,e2f2aeb,10m,duck,point,2,84,564,scale-sweep
2026-05-16T11:22:40,e2f2aeb,10m,duck,point,3,99,567,scale-sweep
2026-05-16T11:22:40,e2f2aeb,10m,no_index,in_list,1,177,1978,scale-sweep
2026-05-16T11:22:40,e2f2aeb,10m,no_index,in_list,2,196,2049,scale-sweep
2026-05-16T11:22:40,e2f2aeb,10m,no_index,in_list,3,195,1980,scale-sweep
2026-05-16T11:22:40,e2f2aeb,10m,duck,in_list,1,191,689,scale-sweep
2026-05-16T11:22:40,e2f2aeb,10m,duck,in_list,2,197,717,scale-sweep
2026-05-16T11:22:40,e2f2aeb,10m,duck,in_list,3,201,742,scale-sweep
2026-05-16T11:22:40,e2f2aeb,10m,no_index,narrow_range,1,208,2012,scale-sweep
2026-05-16T11:22:40,e2f2aeb,10m,no_index,narrow_range,2,164,1862,scale-sweep
2026-05-16T11:22:40,e2f2aeb,10m,no_index,narrow_range,3,132,1847,scale-sweep
2026-05-16T11:22:40,e2f2aeb,10m,duck,narrow_range,1,103,543,scale-sweep
2026-05-16T11:22:40,e2f2aeb,10m,duck,narrow_range,2,99,637,scale-sweep
2026-05-16T11:22:40,e2f2aeb,10m,duck,narrow_range,3,99,588,scale-sweep
2026-05-16T11:22:40,e2f2aeb,10m,no_index,medium_range,1,188,2012,scale-sweep
2026-05-16T11:22:40,e2f2aeb,10m,no_index,medium_range,2,211,2052,scale-sweep
2026-05-16T11:22:40,e2f2aeb,10m,no_index,medium_range,3,180,2000,scale-sweep
2026-05-16T11:22:40,e2f2aeb,10m,duck,medium_range,1,68,520,scale-sweep
2026-05-16T11:22:40,e2f2aeb,10m,duck,medium_range,2,82,554,scale-sweep
2026-05-16T11:22:40,e2f2aeb,10m,duck,medium_range,3,72,586,scale-sweep
2026-05-16T11:22:40,e2f2aeb,10m,index_build,idx_customer_id,1,1778923455398,27938,scale-sweep
2026-05-16T11:22:40,e2f2aeb,10m,with_index,point,1,69,1912,scale-sweep
2026-05-16T11:22:40,e2f2aeb,10m,with_index,point,2,94,1927,scale-sweep
2026-05-16T11:22:40,e2f2aeb,10m,with_index,point,3,74,1882,scale-sweep
2026-05-16T11:22:40,e2f2aeb,10m,with_index,in_list,1,145,1828,scale-sweep
2026-05-16T11:22:40,e2f2aeb,10m,with_index,in_list,2,157,1910,scale-sweep
2026-05-16T11:22:40,e2f2aeb,10m,with_index,in_list,3,178,1936,scale-sweep
2026-05-16T11:22:40,e2f2aeb,10m,with_index,narrow_range,1,216,1986,scale-sweep
2026-05-16T11:22:40,e2f2aeb,10m,with_index,narrow_range,2,219,2086,scale-sweep
2026-05-16T11:22:40,e2f2aeb,10m,with_index,narrow_range,3,200,1989,scale-sweep
2026-05-16T11:22:40,e2f2aeb,10m,with_index,medium_range,1,566,2459,scale-sweep
2026-05-16T11:22:40,e2f2aeb,10m,with_index,medium_range,2,626,2524,scale-sweep
2026-05-16T11:22:40,e2f2aeb,10m,with_index,medium_range,3,560,2364,scale-sweep
2026-05-16T11:22:40,e2f2aeb,30m,write,fixture,1,1778923560320,59133,scale-sweep
2026-05-16T11:22:40,e2f2aeb,30m,no_index,point,1,154,2003,scale-sweep
2026-05-16T11:22:40,e2f2aeb,30m,no_index,point,2,127,1923,scale-sweep
2026-05-16T11:22:40,e2f2aeb,30m,no_index,point,3,144,1978,scale-sweep
2026-05-16T11:22:40,e2f2aeb,30m,duck,point,1,133,653,scale-sweep
2026-05-16T11:22:40,e2f2aeb,30m,duck,point,2,113,563,scale-sweep
2026-05-16T11:22:40,e2f2aeb,30m,duck,point,3,127,575,scale-sweep
2026-05-16T11:22:40,e2f2aeb,30m,no_index,in_list,1,222,2124,scale-sweep
2026-05-16T11:22:40,e2f2aeb,30m,no_index,in_list,2,244,2005,scale-sweep
2026-05-16T11:22:40,e2f2aeb,30m,no_index,in_list,3,275,2179,scale-sweep
2026-05-16T11:22:40,e2f2aeb,30m,duck,in_list,1,197,738,scale-sweep
2026-05-16T11:22:40,e2f2aeb,30m,duck,in_list,2,224,781,scale-sweep
2026-05-16T11:22:40,e2f2aeb,30m,duck,in_list,3,211,767,scale-sweep
2026-05-16T11:22:40,e2f2aeb,30m,no_index,narrow_range,1,128,1836,scale-sweep
2026-05-16T11:22:40,e2f2aeb,30m,no_index,narrow_range,2,145,1925,scale-sweep
2026-05-16T11:22:40,e2f2aeb,30m,no_index,narrow_range,3,161,1978,scale-sweep
2026-05-16T11:22:40,e2f2aeb,30m,duck,narrow_range,1,124,652,scale-sweep
2026-05-16T11:22:40,e2f2aeb,30m,duck,narrow_range,2,135,675,scale-sweep
2026-05-16T11:22:40,e2f2aeb,30m,duck,narrow_range,3,154,619,scale-sweep
2026-05-16T11:22:40,e2f2aeb,30m,no_index,medium_range,1,139,1990,scale-sweep
2026-05-16T11:22:40,e2f2aeb,30m,no_index,medium_range,2,113,1933,scale-sweep
2026-05-16T11:22:40,e2f2aeb,30m,no_index,medium_range,3,124,1964,scale-sweep
2026-05-16T11:22:40,e2f2aeb,30m,duck,medium_range,1,116,621,scale-sweep
2026-05-16T11:22:40,e2f2aeb,30m,duck,medium_range,2,114,597,scale-sweep
2026-05-16T11:22:40,e2f2aeb,30m,duck,medium_range,3,98,532,scale-sweep
2026-05-16T11:22:40,e2f2aeb,30m,index_build,idx_customer_id,1,1778923707098,79394,scale-sweep
2026-05-16T11:22:40,e2f2aeb,30m,with_index,point,1,116,1935,scale-sweep
2026-05-16T11:22:40,e2f2aeb,30m,with_index,point,2,71,1935,scale-sweep
2026-05-16T11:22:40,e2f2aeb,30m,with_index,point,3,108,1949,scale-sweep
2026-05-16T11:22:40,e2f2aeb,30m,with_index,in_list,1,230,1998,scale-sweep
2026-05-16T11:22:40,e2f2aeb,30m,with_index,in_list,2,182,2027,scale-sweep
2026-05-16T11:22:40,e2f2aeb,30m,with_index,in_list,3,208,1994,scale-sweep
2026-05-16T11:22:40,e2f2aeb,30m,with_index,narrow_range,1,98,1742,scale-sweep
2026-05-16T11:22:40,e2f2aeb,30m,with_index,narrow_range,2,91,1963,scale-sweep
2026-05-16T11:22:40,e2f2aeb,30m,with_index,narrow_range,3,104,2006,scale-sweep
2026-05-16T11:22:40,e2f2aeb,30m,with_index,medium_range,1,1095,2882,scale-sweep
2026-05-16T11:22:40,e2f2aeb,30m,with_index,medium_range,2,1015,2830,scale-sweep
2026-05-16T11:22:40,e2f2aeb,30m,with_index,medium_range,3,982,2750,scale-sweep
